Артикул,Номенклатура,Цена
,ПОЛИКЛИНИКА,
,ЛЕЧЕБНО-ДИАГНОСТИЧЕСКИЕ ПРОЦЕДУРЫ,
,ЛЕЧЕНИЕ ГИПЕРГИДРОЗА,
А11.01.003.005,A11.01.003 Внутрикожное введение лекарственных препаратов («Диспорт» 1ЕД),130.00
А11.01.003.006,A11.01.003 Внутрикожное введение лекарственных препаратов («Диспорт» 300 ЕД),"30,000.00"
А11.01.003.007,A11.01.003 Внутрикожное введение лекарственных препаратов («Диспорт» 500 ЕД),"50,000.00"
А11.01.003.38,А11.01.003 Внутрикожное введение лекарственных препаратов (Diprospan),"1,500.00"
,МАССАЖ ПОЛИКЛИНИКА,
А21.01.001.9,А21.01.001 Общий массаж медицинский - Лечебно-локальный массаж (10-30 мин)Дети от 0 до 1 года,800.00
А21.01.001.11,А21.01.001 Общий массаж медицинский(60 мин),"1,800.00"
А21.01.001.12,А21.01.001 Общий массаж медицинский(90 мин),"2,300.00"
А21.01.001.1,"А21.01.001 Общий массаж медицинский(антицеллюлитный локальный массаж), 30-40мин","1,500.00"
А21.01.001.2,"А21.01.001 Общий массаж медицинский(антицеллюлитный общий массаж), 60 мин","2,000.00"
А21.01.001.3,"А21.01.001 Общий массаж медицинский(антицеллюлитный общий массаж), 90 мин","2,300.00"
А21.01.001.4,А21.01.001 Общий массаж медицинский(лимфодренажный локальный массаж),"1,000.00"
А21.01.003,"А21.01.003 Массаж шеи медицинский(шейно-воротниковая зона), 30 мин","1,000.00"
А21.03.007,"А21.03.007 Массаж спины медицинский, 40 мин.","1,200.00"
А21.03.008,Антицеллюлитный общий массаж  (60м),"2,100.00"
А21.03.009,Ручная пластика тела (массаж по коррекции фигуры),"10,000.00"
,УЛЬТРАЗВУКОВОЕ ИССЛЕДОВАНИЕ,
,УЗИ СИРОТИНА ОЛЬГА БОРИСОВНА,
Эл,+ Эластография компрессионная 1 органа,"1,000.00"
А04.12.014с,Дуплексное исследование сосудов гепатобилиарной зоны (нижняя полая вена),"1,700.00"
А04.12.014,Дуплексное исследование сосудов гепатобилиарной зоны (системы портальной вены),"1,900.00"
А04.12.003.001с,Дуплексное сканирование брюшной  аорты и ее висцеральных ветвей,"2,700.00"
А04.30.001с,Определение срока беременности (до 10 недель),"1,300.00"
А11.03.002,Тонкоигольная аспирационная пункционная биопсия лимфатического узла под УЗ-контролем,"2,500.00"
А11.20.010,Тонкоигольная аспирационная пункционная биопсия молочной железы под УЗ-контролем,"2,500.00"
А11.22.001,Тонкоигольная аспирационная пункционная биопсия щитовидной железы под УЗ-контролем,"2,500.00"
А04.28.001..с ,УЗИ артерий почек,"2,800.00"
А04.06.003с,УЗИ вилочковой железы,"1,500.00"
А04.26.006с,УЗИ глаза и орбиты с кровотоком,"2,200.00"
А04.26.006,"УЗИ глаза, орбиты периорбитального ретробульбарного пространства","2,000.00"
А04.09.002,УЗИ легких и плевральных полостей,"2,000.00"
А04.06.002с,УЗИ лимфатических узлов (одна анатомическая зона),"1,000.00"
А04.01.001.с,УЗИ лицевых структур (до и после косметологических и платических вмешательств на лице),"2,000.00"
А04.20.002.с,УЗИ молочных (грудных) желез у детей (до 14 лет),"1,500.00"
А04.20.002с,УЗИ молочных желез с оценкой регионарных зон лифотока,"1,900.00"
А04.21.001с,УЗИ мочевого пузыря и предстательной железы (абдоминально),"2,000.00"
А04.21.001..с,УЗИ мочевого пузыря и предстательной железы (абдоминально+трансректально),"3,000.00"
А04.21.001.с,УЗИ мочевого пузыря и предстательной железы (трансректально),"2,500.00"
А04.28.002.005,УЗИ мочевого пузыря с определением остаточной мочи,"1,000.00"
А04.01.001с,УЗИ мягких тканей с оценкой кровотока,"1,000.00"
А04.22.002,УЗИ надпочечников,"1,000.00"
А04.16.001с,"УЗИ органов брюшной полости (печень, поджелудочная железа, селезёнка, желчный пузырь, лимфоузлы)","2,000.00"
А04.30.010с,УЗИ органов малого таза,"2,000.00"
А04.30.010..с,УЗИ органов малого таза с исследованием ЦДК,"2,500.00"
А04.30.010.с,"УЗИ органов малого таза, исследование ""окна имплантации""","2,700.00"
А04.28.003с,УЗИ органов мошонки с кровотоком,"2,500.00"
А04.22.003с,УЗИ паращитовидных желез,"1,600.00"
А04.30.006,УЗИ передней брюшной стенки,"1,000.00"
А04.15.001с,УЗИ поджелудочной железы,"1,450.00"
А04.28.001с,УЗИ почек,"1,400.00"
А04.28.001.с,УЗИ почек с кровотоком,"2,500.00"
А04.07.002с,УЗИ слюнных желез с оценкой регионарных зон лифотока,"2,000.00"
А04.22.001с,УЗИ щитовидной железы с оценкой регионарных зон лифотока,"1,500.00"
А04.20.003с,Фолликулометрия,"1,200.00"
А04.16.001.001,Эластография печени сдвиговой волной с определением степения фиброза,"2,500.00"
А04.14.002с,Эхохолецистография,"2,000.00"
,УЛЬТРАЗВУКОВОЕ ИССЛЕДОВАНИЕ В АКУШЕРСТВЕ,
А04.30.001.007,A04.30.001 Ультразвуковое исследование плода (Определение пола ребенка),"1,000.00"
А04.30.001.006,A04.30.001 Ультразвуковое исследование плода (Фетометрия),"1,500.00"
А04.30.001.005,"A04.30.001 Ультразвуковое исследование плода УЗИ второго плода (2,3 скрининг)","2,000.00"
А04.30.001.004,A04.30.001 Ультразвуковое исследование плода УЗИ второго плода (до 12 недель) (1 скрининг),"1,500.00"
А04.30.001.002,A04.30.001 Ультразвуковое исследование плода УЗИ плода (22-24 неделя) второй скрининг,"3,000.00"
А04.30.001.003,A04.30.001 Ультразвуковое исследование плода УЗИ плода (32-34 неделя) третий скрининг,"3,000.00"
А04.30.001.001,A04.30.001 Ультразвуковое исследование плода УЗИ плода (до 12 недель) первый скрининг,"2,500.00"
А04.30.002,A04.30.002 Контроль сердцебиения плода,600.00
А04.30.003.002,A04.30.003 Ультразвуковое исследование фолликулогенеза - с окном имплантации(доплер сосудов),"1,300.00"
00-000000000014,USB-флеш накопитель,700.00
А04.20.001.002,А04.20.001.002 Доплерометрия вне скрининга,"1,100.00"
А05.30.001.001,А05.30.001 Кардиотокография плода,"1,000.00"
А05.30.001.002,А05.30.001 Кардиотокография плода при многоплодной беременности,"1,500.00"
00-000000000012,ДИСК,500.00
00-000000000113,Присутствие родственников пациенки во время ультразвукового исследования,500.00
,УЛЬТРАЗВУКОВОЕ ИССЛЕДОВАНИЕ ДЕТЕЙ,
А04.23.001.002,A04.23.001 Нейросонография с доплерометрией сосудов до 1 года,"1,000.00"
,УЛЬТРАЗВУКОВОЕ ИССЛЕДОВАНИЕ ДРУГИХ ОРГАНОВ И СИСТЕМ,
А04.01.001.002,"A04.01.001 Ультразвуковое исследование мягких тканей (одна анатомическая зона, липомы, рубцы)",800.00
А04.01.001.001,"A04.01.001 Ультразвуковое исследование мягких тканей (одна анатомическая зона, лицо)","1,000.00"
А04.01.002,A04.01.002 Ультразвуковое исследование кожи (одна анатомическая зона),600.00
А04.03.002,A04.03.002 Ультразвуковое исследование позвоночника (шейного отдела),"1,500.00"
А04.04.001,A04.04.001 Ультразвуковое исследование суставов (коленный),"1,000.00"
А04.04.001.001,A04.04.001.001 Ультразвуковое исследование тазобедренного сустава,"1,000.00"
А04.06.002,A04.06.002 Ультразвуковое исследование лимфатических узлов (одна анатомическая зона),600.00
А04.06.003,A04.06.003 Ультразвуковое исследование вилочковой железы,"1,000.00"
А04.07.002,A04.07.002 Ультразвуковое исследование слюнных желез (1 группы) ,800.00
А04.10.002,A04.10.002 Ультразвуковое исследование сердца (эхокардиография),"2,200.00"
А04.22.001,A04.22.001 Ультразвуковое исследование щитовидной железы,"1,100.00"
А04.22.003,A04.22.003 Ультразвуковое исследование паращитовидных желез,"1,000.00"
А04.23.001.001,A04.23.001 Нейросонография,"1,000.00"
А04.26.003,A04.26.003 Ультразвуковое исследование глазницы,300.00
А04.01.001г,А04.01.001 Ультразвуковое исследование гемангиомы,"1,000.00"
А04.01.001,А04.01.001 Ультразвуковое исследование мягких тканей (одна анатомическая зона),600.00
А04.04.001.5,А04.04.001 Ультразвуковое исследование суставов (плечевой),"1,000.00"
А04.06.002.001,А04.06.002 Ультразвуковое исследование лимфатических узлов (одна анатомическая зона),600.00
А04.09.001,А04.09.001 Ультразвуковое исследование плевральной полости,500.00
001,Комплексная услуга ультразвуковой скрининг детей до 1 года с учетом скидки 25%,"5,662.00"
002,"Комплексная услуга функциональный скрининг ""готовимся к школе"" со скидкой 25%","4,012.00"
,УЛЬТРАЗВУКОВОЕ ИССЛЕДОВАНИЕ МОЧЕПОЛОВОЙ СИСТЕМЫ,
А04.12.001.002,A04.12.001.002 Дуплексное сканирование артерий почек,"1,300.00"
А04.12.001.002.001,A04.12.001.002 Дуплексное сканирование мочеточниковые выбросы,"1,000.00"
А04.21.002.002,A04.21.002 Ультразвуковое исследование полового члена,"1,000.00"
А04.21.002.001,A04.21.002 Ультразвуковое исследование сосудов полового члена,"3,200.00"
А04.28.001.001,A04.28.001 Ультразвуковое исследование почек,"1,000.00"
А04.28.001,A04.28.001 Ультразвуковое исследование почек и надпочечников,"1,200.00"
А04.28.002.003.002,A04.28.002.003 Определение остаточного объема мочи,300.00
А04.28.002.003.001,A04.28.002.003 Ультразвуковое исследование мочевого пузыря и определение остаточного объема мочи,800.00
А04.28.003,A04.28.003 Ультразвуковое исследование органов мошонки,"1,000.00"
А04.28.001.а,А04.28.001 Ультразвуковое исследование почек + дуплексное сканирование артерий почек,"1,800.00"
А04.28.002.001.1,А04.28.002.001 Ультразвуковое исследование надпочечников,600.00
,УЛЬТРАЗВУКОВОЕ ИССЛЕДОВАНИЕ ОРГАНОВ БРЮШНОЙ ПОЛОСТИ,
А04.06.001,A04.06.001 Ультразвуковое исследование селезенки,500.00
А04.14.001,A04.14.001 Ультразвуковое исследование печени и желчного пузыря,"1,000.00"
А04.14.002,A04.14.002 Ультразвуковое исследование желчного пузыря и протоков,800.00
А04.15.001,A04.15.001 Ультразвуковое исследование поджелудочной железы,600.00
А04.16.001,"A04.16.001 Ультразвуковое исследование органов брюшной полости (печень, поджелудочная железа, селезёнка, желчный пузырь)","2,000.00"
,УЛЬТРАЗВУКОВОЕ ИССЛЕДОВАНИЕ ОРГАНОВ МАЛОГО ТАЗА,
А04.12.022,A04.12.022 Дуплексное сканирование сосудов малого таза,"1,200.00"
А04.12.022.002,A04.12.022 Дуплексное сканирование сосудов малого таза + оценка анатомии малого таза(малый таз + окно имплантации),"2,000.00"
А04.12.022.001,"A04.12.022 Дуплексное сканирование сосудов малого таза(Допплерометрия сосудов матки(маточные, аркуатные, радиальные, спиральные, базальные артерии)","1,700.00"
А04.12.024,A04.12.024 УЗИ лонного сочлинения,700.00
A04.12.024.001,A04.12.024 Ультразвуковая доплерография маточно-плацентарного кровотока. УЗИ плода(фетометрия+доплерометрия сосудов МППК без оценки анатомии плода),"2,000.00"
A04.12.024,A04.12.024 Ультразвуковая доплерография маточно-плацентарного кровотока. УЗИ плода(фетометрия+доплерометрия сосудов МППК без оценки анатомии плода) Дв,"3,000.00"
А04.20.003.001,A04.20.003 Ультразвуковое исследование фолликулогенеза ,"1,000.00"
А04.20.003.002,A04.20.003 Ультразвуковое исследование фолликулогенеза - Фолликулометрия с окном имплантации (доплер сосудов),"1,300.00"
А04.21.001,"A04.21.001 Ультразвуковое исследование предстательной железы наружным датчиком, мочевого пузыря, определение остаточного объема мочи","1,800.00"
А04.21.001.001,A04.21.001.001 Ультразвуковое исследование предстательной железы трансректальное,"1,300.00"
А04.30.010.001,A04.30.010 Ультразвуковое исследование органов малого таза трансвагинально,"1,700.00"
А04.30.010.002,A04.30.010 Ультразвуковое исследование органов малого таза трансвагинально (шейка матки),"1,000.00"
А04.30.010.003,A04.30.010 Ультразвуковое исследование органов малого таза трансвагинально с эластографией,"1,800.00"
А04.30.010.004,A04.30.010 Ультразвуковое исследование органов малого таза трансвагинально(шейка матки) с эластографией,700.00
А04.12.005,А04.12.005 Дуплексное сканирование сосудов (артерий и вен) ВЕРХНИХ конечностей,"2,200.00"
А04.12.006,А04.12.006 Дуплексное сканирование сосудов (артерий и вен) НИЖНИХ конечностей,"4,000.00"
А04.20.001.1,А04.20.001 Ультразвуковое исследование матки и придатков (УЗИ шейки матки),"1,000.00"
А04.20.001,А04.20.001 Ультразвуковое исследование матки и придатков трансабдоминально,"1,200.00"
А04.20.001.002.001,А04.20.001.002 Доплерометрия окно имплантации,"1,000.00"
А04.20.002.001,А04.20.002.001 Ультразвуковое исследование молочных желез,"1,200.00"
А04.21.001.1,А04.21.001 Ультразвуковое исследование предстательной железы наружным датчиком,"1,300.00"
,УЛЬТРАЗВУКОВОЕ ИССЛЕДОВАНИЕ СОСУДОВ,
А04.12.005.005.001,A04.12.005.005 Дуплексное сканирование экстракраниальных отделов брахиоцефальных артерий (УЗИ сосудов шеи),"2,000.00"
А04.12.006.001,A04.12.006.001 Дуплексное сканирование артерий нижних конечностей,"2,400.00"
А04.12.006.001-1,A04.12.006.001 Дуплексное сканирование артерий нижних конечностей (Брюшная аорта),"1,000.00"
А04.12.006.002,A04.12.006.002 Дуплексное сканирование вен нижних конечностей,"2,400.00"
А04.12.018,A04.12.018 Дуплексное сканирование интракраниальное артерий и вен (УЗИ сосудов головы),"2,000.00"
А04.12.003.002,"А04.12.003.002 Дуплексное сканирование брюшного отдела аорты, подвздошных и общих бедренных артерий","2,000.00"
А04.12.003.001,А04.12.003.002 Дуплексное сканирование брюшной аорты и ее висцеральных ветвей,"2,000.00"
А04.12.003.003,А04.12.003.003 Дуплексное сканирование брюшной аорты и ее висцеральных ветвей,"2,000.00"
,ОТДЕЛЕНИЯ,
,ГИНЕКОЛОГИЯ,
А03.20.001,"A03.20.001 Кольпоскопия, видео запись на диск","2,000.00"
А03.20.003.002,A03.20.003.002 Контрастная эхогистеросальпингоскопия,"6,100.00"
А11.01.002.003,"A11.01.002 Подкожное введение лекарственных препаратов (гиалуроновой кислоты, амалайн 1 мл )","11,000.00"
А11.01.002.004,"A11.01.002 Подкожное введение лекарственных препаратов (гиалуроновой кислоты, белотеро 1 мл )","13,000.00"
А11.01.002.010,A11.01.002 Подкожное введение лекарственных препаратов (Плазмолифтинг 1 пробирка),"3,500.00"
А11.01.002.011,A11.01.002 Подкожное введение лекарственных препаратов (Плазмолифтинг 2 пробирки),"5,000.00"
А11.01.002.001,A11.01.002 Подкожное введение лекарственных препаратов аутоплазмы 1 пробирка ,"3,500.00"
А11.01.002.002,A11.01.002 Подкожное введение лекарственных препаратов аутоплазмы 2 пробирки ,"5,000.00"
А11.20.012,A11.20.012  Микроспринцевание (ирригация) влагалища,200.00
А11.20.013,A11.20.013  Тампонирование лечебное влагалища ,200.00
А11.20.024,A11.20.024 Введение лекарственных препаратов интравагинально,"1,000.00"
А11.20.024.001,A11.20.024 Инъекционное введение агонистов гонадолиберинов.Ст,500.00
А16.20.084,A16.20.084 Удаление полипа женских половых органов (гистероскопия),"5,000.00"
А01.20.003,А01.20.003 Бимануальное влагалищное исследование,400.00
А02.20.001,А02.20.001 Осмотр шейки матки в зеркалах,200.00
А03.20.003.001,А03.20.003 Гистероскопия (диагностическая),"2,500.00"
А03.20.003.003,А03.20.003 Гистероскопия (лечебная),"4,500.00"
А11.01.002.1,А11.01.002 Delight G 21 21 мг/м 2 шприца * 1мл,"16,000.00"
А11.01.002.005,А11.01.002 Подкожное введение лекарственных препаратов (Импланон),"15,000.00"
А11.01.002.012,А11.01.002 Удаление лекарственных препаратов (Импланон),"1,500.00"
А11.20.002,А11.20.002 Получение цервикального мазка,150.00
А11.20.003,А11.20.003 Биопсия тканей матки с помощью пайпеля,"2,800.00"
А11.20.004.001,А11.20.004. Влагалищная биопсия радиоволновая,"1,500.00"
А11.20.005.009,А11.20.005 Исследование влагалищного мазка на флору,500.00
А11.20.005.008,А11.20.005 Исследование мазка - цитограмма,500.00
А11.20.005.001,А11.20.005 Получение влагалищного мазка,150.00
А11.20.005.070,А11.20.005.070 Забор мазка без консультации специалиста,250.00
А11.20.008,А11.20.008 Раздельное диагностическое выскабливание полости матки и цервикального канала,"3,000.00"
А11.20.011.001,А11.20.011. Биопсия шейки матки радиоволновая,"5,000.00"
А11.20.011.003,А11.20.011.003 Биопсия шейки матки,"2,500.00"
А11.20.015.002,А11.20.015 Введение внутриматочной спирали,"1,000.00"
А11.20.015.003,А11.20.015 Введение внутриматочной спирали Мирена ,"1,000.00"
А11.20.015.001,А11.20.015 Удаление внутриматочной спирали,"1,000.00"
А14.20.002.001,А14.20.002 Введение влагалищного поддерживающего кольца (пессария),850.00
А14.20.002.003,А14.20.002 Введение влагалищного поддерживающего кольца (пессария) с изделием,"6,300.00"
А14.20.002.002,А14.20.002 Извлечение влагалищного поддерживающего кольца (пессария),850.00
А16.20.036.003,А16.20.036.003 Радиоволновая терапия шейки матки ,"4,500.00"
А16.20.079,А16.20.079 Вакуум – аспирация эндометрия,"2,800.00"
А16.20.084.001,А16.20.084 Вскрытие кисты бартолиниевой железы,"4,500.00"
А16.20.096.001,А16.20.096 Удаление новообразования вульвы (солковагином),"2,500.00"
А16.20.096,А16.20.096 Электроэксцизия новобразований вульвы ,"3,000.00"
А22.20.001.001.001,"А22.20.001.001 Воздействие низкоинтенсивным лазерным излучением вагинально, 1-ая процедура","15,000.00"
А22.20.001.001.002,"А22.20.001.001 Воздействие низкоинтенсивным лазерным излучением вагинально, 2-ая процедура","12,000.00"
А22.20.001.001.003,"А22.20.001.001 Воздействие низкоинтенсивным лазерным излучением вагинально, 3-ая процедура","8,000.00"
В01.001.001.003,"В01.001.001 Прием (осмотр, консультация) врача акушера-гинеколога высшей категории первичный","1,700.00"
В01.001.001.005,"В01.001.001 Прием (осмотр, консультация) врача акушера-гинеколога высшей категории первичный (оформление документов для программы ВРТ)","2,000.00"
В01.001.001.004,"В01.001.001 Прием (осмотр, консультация) врача акушера-гинеколога детского первичный","1,700.00"
В01.001.001.001,"В01.001.001 Прием (осмотр, консультация) врача акушера-гинеколога, КМН первичный (Иевлева Н.Ф)","2,500.00"
В01.001.001.002,"В01.001.001 Прием (осмотр, консультация) врача акушера-гинеколога, КМН первичный (Щербакова О.Г)","2,500.00"
В01.001.001.008,"В01.001.001 Прием (осмотр, консультация) врача акушера-гинеколога, первичный (Бачинский О.Е.)","1,800.00"
В01.001.002.001,"В01.001.001 Прием (осмотр, консультация) врача акушера-гинеколога,КМН повторный (Иевлева Н.Ф)","2,200.00"
В01.001.001.007,"В01.001.001 Прием (осмотр, консультация) врачаакушера-гинеколога по эстетической гинекологии",500.00
В01.001.002.003,"В01.001.002 Прием (осмотр, консультация) врача акушера-гинеколога высшей категории повторный","1,400.00"
В01.001.002.005,"В01.001.002 Прием (осмотр, консультация) врача акушера-гинеколога высшей категории повторный по анализам","1,000.00"
В01.001.002.004,"В01.001.002 Прием (осмотр, консультация) врача акушера-гинеколога детского повторный","1,400.00"
В01.001.002.007,"В01.001.002 Прием (осмотр, консультация) врача акушера-гинеколога по результатам анализов","1,000.00"
В01.001.002.008,"В01.001.002 Прием (осмотр, консультация) врача акушера-гинеколога, повторный (Бачинский О.Е.)","1,700.00"
В01.001.002.002,"В01.001.002 Прием (осмотр, консультация) врача акушера-гинеколога,КМН повторный (Щербакова О.Г)","2,200.00"
В01.001.004,"В01.001.004 Прием (осмотр, консультация) врача акушера-гинеколога беременной первичный","2,200.00"
В01.001.005,"В01.001.005 Прием (осмотр, консультация) врача акушера-гинеколога беременной повторный","2,000.00"
В05.001.003,В05.001.003 Услуги по медицинской реабилитации после осложнения беременности родов посредового периода (интимное отбеливание),"3,000.00"
04.03.2001.,Цитограмма гинекологического мазка  и.,500.00
,ДЕРМАТОВЕНЕРОЛОГИЯ,
,ДЕРМАТОВЕНЕРОЛОГИЯ исслед,
А11.01.002.009,A11.01.002 Подкожное введение лекарственных препаратов (дипроспан) ,700.00
А11.01.003.008,A11.01.003 Внутрикожное введение лекарственных препаратов («Диспорт» 1ЕД) лечение гипергидроза,130.00
А11.01.003.009,A11.01.003 Внутрикожное введение лекарственных препаратов («Диспорт» 300ЕД) лечение гипергидроза,"30,000.00"
А11.01.003.010,A11.01.003 Внутрикожное введение лекарственных препаратов («Диспорт» 500ЕД) лечение гипергидроза,"50,000.00"
А11.01.003.002,"A11.01.003 Внутрикожное введение лекарственных Препаратов (NCTF 0,25% 1 мл) ","2,200.00"
А11.01.003.001,A11.01.003 Внутрикожное введение лекарственных Препаратов (Viscoderm Skinko 1 мл),"2,000.00"
А11.01.003.003,A11.01.003 Внутрикожное введение лекарственных препаратов (Плазмолифтинг 1 пробирка),"3,500.00"
А11.28.006.001.002,A11.28.006.001 Получение соскоба из уретры - Исследование на ИППП методом ПЦР (1 исслед.),350.00
А11.28.006.001.001,A11.28.006.001 Получение соскоба из уретры - ПЦР на флору (аэробная инфекция),850.00
А16.01.017.008.022,A16.01.017 Удаление вирусной Бородавки до 0.5 см,"1,250.00"
А16.01.017.008.023,A16.01.017 Удаление вирусной Бородавки от 0.5 до 1 см,"1,650.00"
А16.01.017.008.020,A16.01.017 Удаление доброкачественных новообразований кожи - Атеромы более 1см,"1,800.00"
А16.01.017.008.016,A16.01.017 Удаление доброкачественных новообразований кожи - Атеромы головы (1шт),"1,000.00"
А16.01.017.008.019,A16.01.017 Удаление доброкачественных новообразований кожи - Атеромы до 1см,"1,050.00"
А16.01.017.008.001,A16.01.017 Удаление доброкачественных новообразований кожи - Бородавки до 1 см (1шт),650.00
А16.01.017.008.002,A16.01.017 Удаление доброкачественных новообразований кожи - Бородавки до 1 см дети лицо (1шт),350.00
А16.01.017.008.013,A16.01.017 Удаление доброкачественных новообразований кожи - Кисть более 1 см (1шт),"1,000.00"
А16.01.017.008.012,A16.01.017 Удаление доброкачественных новообразований кожи - Кисть до 1 см (1шт),600.00
А16.01.017.008.004,A16.01.017 Удаление доброкачественных новообразований кожи - Ксантелязмы более 1 см (1шт),900.00
А16.01.017.008.003,A16.01.017 Удаление доброкачественных новообразований кожи - Ксантелязмы до 1 см (1шт),700.00
А16.01.017.008.014,A16.01.017 Удаление доброкачественных новообразований кожи - Околоногтевая поверхность до 1 см (1шт),800.00
А16.01.017.009,A16.01.017 Удаление доброкачественных новообразований кожи - Остроконечные кондиломы перианальной и генитальной областей до 1 см,"3,000.00"
А16.01.017.008,A16.01.017 Удаление доброкачественных новообразований кожи - Папилломы (1шт) мелкая точечная,300.00
А16.01.017.008.011,A16.01.017 Удаление доброкачественных новообразований кожи - Подошвенная бородавка более 2 см (1шт),"1,300.00"
А16.01.017.008.009,A16.01.017 Удаление доброкачественных новообразований кожи - Подошвенная бородавка до 1 см (1шт),800.00
А16.01.017.008.010,A16.01.017 Удаление доброкачественных новообразований кожи - Подошвенная бородавка от 1 до 2 см (1шт),"1,000.00"
А16.01.020,A16.01.020 Удаление контагиозных моллюсков (1 шт),500.00
А11.20.005.006,А11.20.005 Получение влагалищного мазка - Исследование на ИППП методом ПЦР (1 исслед.),350.00
А11.20.005.002,А11.20.005 Получение влагалищного мазка на флору,150.00
В01.003.004.005,В01.003.004.005 Инфильтрационная анестезия (лидокаин),300.00
А11.01.003.019,Внутрикожное введение лекарственных препаратов (Гиалуронидаза),"1,500.00"
,ДЕРМАТОВЕНЕРОЛОГИЯ конс,
А02.01.006,A02.01.006 Люминесцентная диагностика (осмотр под лампойВуда) ,300.00
А03.01.001,A03.01.001 Осмотр кожи под увеличением (дерматоскопия),300.00
А11.01.002.008,A11.01.002 Подкожное введение лекарственных препаратов (ИННО ТДС) ,"1,500.00"
А11.01.009.001,A11.01.009 Соскоб кожи на грибок,600.00
А11.01.009.002,A11.01.009 Соскоб кожи на демодекс,600.00
В01.008.001.001,"B01.008.001 Прием (осмотр, консультация) врача-дерматовенеролога КМН первичный (врач высшей категории)","2,200.00"
В01.008.001,"B01.008.001 Прием (осмотр, консультация) врача-дерматовенеролога первичный (врач высшей категории)","1,700.00"
В01.008.002.001,"B01.008.002 Прием (осмотр, консультация) врача-дерматовенеролога КМН повторный (врач высшей категории)","2,000.00"
В01.008.002,"B01.008.002 Прием (осмотр, консультация) врача-дерматовенеролога повторный (врач высшей категории)","1,400.00"
А11.20.005.005,А11.20.005  Получение влагалищного мазка - Исследование на ВПЧ (12 типов) методом ПЦР,"1,000.00"
А11.20.005.007,А11.20.005 Забор мазка,150.00
А11.20.005.004,"А11.20.005 Получение влагалищного мазка - Исследование на ВПЧ 16,18 методом ПЦР",550.00
А11.20.005.003,А11.20.005 Получение влагалищного мазка - ПЦР на флору (аэробная инфекция),850.00
,КАРДИОЛОГИЯ,
А05.10.004,"A05.10.004 Расшифровка, описание и интерпретацияэлектрокардиографических данных ",400.00
А05.10.006,A05.10.006 Регистрация электрокардиограммы,400.00
А05.10.008,A05.10.008 Холтеровское мониторирование сердечногоритма ,"2,200.00"
А12.10.001,A12.10.001 Электрокардиография с физической нагрузкой,600.00
В01.015.001,"B01.015.001 Прием (осмотр, консультация) врача-кардиолога первичный","1,700.00"
В01.015.002,"B01.015.002 Прием (осмотр, консультация) врача-кардиолога повторный","1,400.00"
А02.12.002.001.002,А02.12.002.001 Суточное мониторирование артериального давления (описание),"1,850.00"
А02.12.002.001.001,А02.12.002.001 Суточное мониторирование артериального давления (установка),450.00
В01.015.001.001,"В01.015.001.001 Прием (осмотр, консультация) врача-кардиолога на дому","3,500.00"
В01.015.003,"В01.015.003 Прием (осмотр, консультация) врача - детского кардиолога первичный","1,600.00"
В01.015.004,"В01.015.004 Прием (осмотр, консультация) врача - детского кардиолога повторный","1,200.00"
,НЕВРОЛОГИЯ,
А11.01.003.006.001,A11.01.003 Услуга 1 флакон Диспорт 300 ЕД,"12,000.00"
А11.01.003.006.002,A11.01.003 Услуга 1 флакон Диспорт 500 ЕД,"18,000.00"
А11.02.002.008,"A11.02.002 Внутримышечное введение лекарственных препаратов (ботулинотерапия мигрени, головной боли напряжения, препарат «Диспорт» 1ЕД)",100.00
А11.02.002.009,"A11.02.002 Внутримышечное введение лекарственных препаратов (ботулинотерапия, препарат «Диспорт» без стоимости препарата)","5,000.00"
А11.02.002.010,"A11.02.002 Внутримышечное введение лекарственных препаратов (ботулинотерапия, препарат «Диспорт» без стоимости препарата) с электродом","8,500.00"
В01.023.001.001,"B01.023.001 Прием (осмотр, консультация) врача-невролога КМН первичный","2,500.00"
В01.023.001.002,"B01.023.001 Прием (осмотр, консультация) врача-невролога первичный, врач высшей категории ","1,700.00"
В01.023.001.003,"B01.023.001 Прием (осмотр, консультация) врача-невролога первичный, выезд на дом","3,500.00"
В01.023.002.001,"B01.023.002 Прием (осмотр, консультация) врача-невролога КМН повторный","2,200.00"
В01.023.002.002,"B01.023.002 Прием (осмотр, консультация) врача-невролога повторный, врач высшей категории ","1,400.00"
А11.01.003.14,"А11.01.003 Внутрикожное введение лекарственных препаратов (MesoEyec71,1мл)","13,000.00"
А11.02.002.0010,А11.02.002 Внутримышечное введение аутоплазмы 1 пробирка,"1,500.00"
А11.02.002.014,А11.02.002 Внутримышечное введение аутоплазмы 1 пробирка (обогащенной тромбоцитами),"5,500.00"
А11.02.002.0011,А11.02.002 Внутримышечное введение аутоплазмы 2 пробирки,"2,500.00"
А11.02.002.0012,А11.02.002 Внутримышечное введение аутоплазмы 3 пробирки,"3,500.00"
А11.02.002.0013,А11.02.002 Внутримышечное введение аутоплазмы 4 пробирки,"4,500.00"
А11.02.002.006,А11.02.002 Внутримышечное введение лекарственных препаратов (блокада в область периферических нервов),"1,800.00"
А11.02.002.005,А11.02.002 Внутримышечное введение лекарственных препаратов (блокада грушевидной мышцы),"2,000.00"
А11.02.002.004,А11.02.002 Внутримышечное введение лекарственных препаратов (блокада нижней косой мышцы головы),"1,600.00"
А11.02.002.7,А11.02.002 Внутримышечное введение лекарственных препаратов (блокада паравертебральная грудного/поясничного отдела позвоночника),"1,800.00"
А11.02.002.8,А11.02.002 Внутримышечное введение лекарственных препаратов (блокада паравертебральная шейного отдела позвоночника),"1,800.00"
А11.02.002.001,А11.02.002 Внутримышечное введение лекарственных препаратов (блокада паравертебральная),"1,500.00"
А11.02.002.002,А11.02.002 Внутримышечное введение лекарственных препаратов (блокада периартикулярная),"1,200.00"
А11.02.002.003,А11.02.002 Внутримышечное введение лекарственных препаратов (блокада субакромиальная),"1,200.00"
А11.02.002.007,А11.02.002 Внутримышечное введение лекарственных препаратов (блокада тригерных точек),"1,200.00"
,ОНКОЛОГИЯ,
А08.30.014,"A08.30.014 Гистологическое исследование препататов опухолей, опухолевидных образований мягких тканей",800.00
А08.30.016,"A08.30.016 Цитологическое исследование микропрепарата пунктатов опухолей, опухолевидных образований мягких тканей",650.00
А16.01.017.021,A16.01.017 Криодеструция Невуса 1 шт.,750.00
А16.01.017.022,A16.01.017 Криоэкстирпация кожного рога 0.5-1 см.,"1,550.00"
А16.01.017.023,A16.01.017 Удаление - Кератомы до 1 см,950.00
А16.01.017.014,A16.01.017 Удаление доброкачественных новообразований в полости рта,"3,000.00"
А16.01.017.005,"A16.01.017 Удаление доброкачественных новообразований кожи - Кератомы старческие, себорейные более 1 см","1,300.00"
А16.01.017.004,"A16.01.017 Удаление доброкачественных новообразований кожи - Кератомы старческие, себорейные до 1 см","1,000.00"
А16.01.017.007,A16.01.017 Удаление доброкачественных новообразований кожи - Кожный рог более 1 см,"1,000.00"
А16.01.017.006,A16.01.017 Удаление доброкачественных новообразований кожи - Кожный рог до 1 см,800.00
А16.01.017.029,"A16.01.017 Удаление доброкачественных новообразований кожи - Невусы кожи лица, тела, в/ч головы: до 0.3 см.","1,050.00"
А16.01.017.031,"A16.01.017 Удаление доброкачественных новообразований кожи - Невусы кожи лица, тела, в/ч головы: до 0.5 см.","1,250.00"
А16.01.017.002,"A16.01.017 Удаление доброкачественных новообразований кожи - Невусы кожи лица, тела, в/ч головы: до 1 см.","1,800.00"
А16.01.017.0016,A16.01.017 Удаление доброкачественных новообразований кожи - Папилломы до 0.3 см,800.00
А16.01.017.016,A16.01.017 Удаление доброкачественных новообразований кожи - Папилломы до 0.3 см (5шт),"1,050.00"
А16.01.017.017,A16.01.017 Удаление доброкачественных новообразований кожи - Папилломы до 0.3 см (свыше 5шт) каждое последующее,250.00
А16.01.017.018,A16.01.017 Удаление доброкачественных новообразований кожи - Папилломы до 0.5 см,900.00
А16.01.017.0015,A16.01.017 Удаление доброкачественных новообразований кожи - Папилломы до 0.5 см (5шт),"1,200.00"
А16.01.017.019,A16.01.017 Удаление доброкачественных новообразований кожи - Папилломы до 1 см,"1,150.00"
А16.01.017.001,A16.01.017 Удаление доброкачественных новообразований кожи века - Папилломы (1шт),600.00
А16.01.017.003.001,"A16.01.017 Удаление доброкачественных новообразований кожи Невусы кожи лица, тела, в/ч головы: более 3 шт",500.00
А16.01.017.013,"A16.01.017 Удаление доброкачественных новообразований кожи Невусы кожи лица, тела, в/ч головы: до 1.5 см","2,200.00"
А16.01.017.003,"A16.01.017 Удаление доброкачественных новообразований кожи Невусы кожи лица, тела, в/ч головы: от 1 до 2 см","2,400.00"
А16.01.017.025,A16.01.017 Удаление кожного рога до 0.5 см.,"1,200.00"
А16.01.017.024,A16.01.017 Удаление кожного рога до 1 см.,"1,800.00"
А16.01.017.026,A16.01.017 Удаление кожного рога до 1.5 см.,"2,400.00"
А16.01.017.027,A16.01.017 Удаление Миллиума до 5 шт.,600.00
А16.01.017.028,"A16.01.017 Удаление Миллиума свыше 5 шт., каждое последующее",250.00
А16.01.017.030,A16.01.017 Удаление мягкой фибромы до 0.5 см.,"1,150.00"
В01.027.001.001,"B01.027.001 Прием (осмотр, консультация) врача-онколога первичный","1,700.00"
В01.027.001.002,"B01.027.001 Прием (осмотр, консультация) врача-онколога первичный по новообразованиям","1,000.00"
В01.027.002.004,"B01.027.002 В01.027.002.004 Прием (осмотр, консультация) врача-онколога, посещение",500.00
В01.027.002.003,"B01.027.002 Прием (осмотр, консультация) врача-онколога по анализам",500.00
В01.027.002.001,"B01.027.002 Прием (осмотр, консультация) врача-онколога повторный","1,400.00"
В01.027.002.002,"B01.027.002 Прием (осмотр, консультация) врача-онколога повторный после удаления новообразований",600.00
,ОРТОПЕДИЯ,
А21.03.004,A21.03.004 Мануальная терапия при заболеваниях костной системы комплексная,"2,000.00"
В01.022.001,"B01.022.001 Прием (осмотр, консультация) врача мануальной терапии первичный ","1,500.00"
В01.022.002,"B01.022.002 Прием (осмотр, консультация) врача мануальной терапии повторный","1,200.00"
В01.050.001,"B01.050.001 Прием (осмотр, консультация) врача-травматолога-ортопеда первичный","1,700.00"
В01.050.002,"B01.050.002 Прием (осмотр, консультация) врача-травматолога-ортопеда повторный","1,400.00"
А11.04.004.002,А11.04.004 Внутрисуставное введение лекарственных средств (блокада внутрисуставная),"1,200.00"
А11.04.004.001,"А11.04.004 Внутрисуставное введение лекарственных средств (препарат Русвиск - 2,0 мл)","6,000.00"
А11.04.004.001.,"А11.04.004 Внутрисуставное введение лекарственных средств (препарат Русвиск - 5,0 мл)","12,000.00"
А11.04.004.007,А11.04.004 Внутрисуставное введение лекарственных средств 1 пробирка (обогащенной тромбоцитами),"5,500.00"
А15.01.001.3,А15.01.001 Наложение повязки на послеоперационную рану (перевязка),"1,000.00"
А15.02.001,А15.02.001 Наложение повязки при заболеваниях мышц (Кинезиотейпирование),500.00
,ОТОРИНОЛАРИНГОЛОГИЯ,
A02.25.001.001,A02.25.001.001 Видеоотоскопия,"1,700.00"
А03.08.002.002,A03.08.002.002 Эпифарингоскопия видеоэндоскопическая,"2,000.00"
А03.08.004,A03.08.004 Ларингоскопия с использованием видеоэндоскопических технологий,"2,000.00"
А03.08.004.001,"A03.08.004.001 Эндоскопическая эндоназальная ревизия полости носа, носоглотки и околоносовых пазух","2,200.00"
А11.08.005.001,A11.08.005 Внутриносовые блокады,"1,200.00"
А11.08.005.002,A11.08.005 Внутриносовые блокады ( с дипроспаном),"1,500.00"
А11.08.006,A11.08.006 Подчелюстная блокада с введением лекарственных препаратов,500.00
А11.08.007,A11.08.007 Заушные блокады с лекарственными препаратами,"1,000.00"
А11.08.020,A11.08.020 Анемизация слизистой носа,300.00
А11.08.021,A11.08.021 Промывание околоносовых пазух и носоглотки,"1,300.00"
A12.25.001,A12.25.001 Тотальная аудиометрия,"1,100.00"
A12.25.007,A12.25.007 Тимпанометрия,600.00
А16.25.008,A16.25.008 Удаление инородного тела из слухового отверстия – 1 ухо,700.00
A16.25.012,A16.25.012 Пневмомассаж барабанной перепонки,800.00
А16.25.012,A16.25.012 Продувание слуховой трубы (по Пулитцеру),700.00
В01.028.001.001,"B01.028.001 Прием (осмотр, консультация) врача-оториноларинголога Бурлака О.И., первичный ","2,500.00"
В01.028.001.004,"B01.028.001 Прием (осмотр, консультация) врача-оториноларинголога Дитрих О.А., первичный ","1,700.00"
В01.028.001.002,"B01.028.001 Прием (осмотр, консультация) врача-оториноларинголога первичный","1,700.00"
В01.028.002.001,"B01.028.002 Прием (осмотр, консультация) врача-оториноларинголога Бурлака О.И., повторный","2,200.00"
В01.028.002.004,"B01.028.002 Прием (осмотр, консультация) врача-оториноларинголога Дитрих О.А., повторный","1,400.00"
В01.028.002.003,"B01.028.002 Прием (осмотр, консультация) врача-оториноларинголога по снимкам","1,000.00"
В01.028.002.002,"B01.028.002 Прием (осмотр, консультация) врача-оториноларинголога повторный","1,400.00"
В01.028.002.005,"B01.028.002 Прием (осмотр, консультация) врача-оториноларинголога профилактический",800.00
А04.14.002.001,А04.14.002 Эхогистерография,"2,000.00"
А11.08.006.001,А11.08.006  Аспирация содержимого носоглотки,400.00
А11.08.006.1,А11.08.006 Глоточные блокады с введением лекарственных препаратов,700.00
А11.08.019,А11.08.019 Эндоларингеальное введение лекарственных препаратов,"1,200.00"
А11.25.002.001,А11.25.002 Введение лекарственных препаратов в наружный слуховой проход,150.00
А11.25.002,А11.25.002 Введение лекарственных препаратов в наружный слуховой проход (обработка и туалет слуховых проходов при гнойном отите),700.00
А11.25.002.002,А11.25.002 Введение турунды в наружный слуховой проход,150.00
А14.08.006,А14.08.006 Введение лекарственных препаратов интраназально (сложние капли),400.00
А16.01.019,А16.01.019 Вскрытие атеромы(удаление пирсинга),"2,000.00"
А16.08.016,А16.08.016 Промывание лакун миндалин,"1,100.00"
А16.08.017,А16.08.017 Удаление инородного тела из гортани (с вливанием),"1,500.00"
А16.25.001,А16.25.001 Вскрытие и дренирование фурункула уха,"2,000.00"
А16.25.001.2,А16.25.001 Дренирование фурункула наружного уха(перевязка),800.00
А16.25.001.1,А16.25.001 Дренирование фурункула уха,700.00
А16.25.007,А16.25.007 Удаление ушной серы (серной пробки – 1 ухо),700.00
А16.25.011,"А16.25.011 Миринготомия(парацентез),(вскрытие буллезного отита)","2,300.00"
А16.30.076,А16.30.076 Вскрытие отогематомы,"1,500.00"
В01.028.01.001,"В01.028.01.001 Прием (осмотр, консультация) врача-фониатра первичный","1,800.00"
В01.028.01.002,"В01.028.01.002 Прием (осмотр, консультация) врача-фониатра повторный","1,500.00"
00-000000000015,Занятие с фонопедом первичное,"1,700.00"
00-000000000016,Занятие с фонопедом повторное,"1,400.00"
00-0000000000421,Стрептотест,500.00
,СОСУДИСТАЯ ХИРУРГИЯ,
А16.01.015.001,A16.01.015 Удаление телеангиоэктазий (склеротерапия 1 степени сложности),"5,000.00"
А16.01.015.002,A16.01.015 Удаление телеангиоэктазий (склеротерапия 2 степени сложности),"10,000.00"
А16.01.015.003,A16.01.015 Удаление телеангиоэктазий (склеротерапия 3 степени сложности),"15,000.00"
А16.01.015.004,A16.01.015 Удаление телеангиоэктазий (склеротерапия 4 степени сложности),"20,000.00"
В01.043.001,"В01.043.001 Прием (осмотр, консультация) врача-сердечно-сосудистого хирурга первичный","1,600.00"
В01.043.002,"В01.043.002 Прием (осмотр, консультация) врача-сердечно-сосудистого хирурга повторный","1,200.00"
,ТЕРАПИЯ,
В01.002.001.001,"B01.002.001 Прием (осмотр, консультация) врача аллерголога-иммунолога высшей категории первичный","1,800.00"
В01.002.001.002,"B01.002.001 Прием (осмотр, консультация) врача-аллерголога-иммунолога, КМН, первичный","2,600.00"
В01.002.002.001,"B01.002.002 Прием (осмотр, консультация) врача аллерголога-иммунолога высшей категории повторный","1,800.00"
В01.002.002.002,"B01.002.002 Прием (осмотр, консультация) врача-аллерголога-иммунолога, КМН, повторный","2,400.00"
В01.004.001,"B01.004.001 Прием (осмотр, консультация) врача-гастроэнтеролога первичный","1,700.00"
В01.004.002,"B01.004.002 Прием (осмотр, консультация) врача-гастроэнтеролога повторный","1,400.00"
В01.025.001,"B01.025.001 Прием (осмотр, консультация) врача-нефролога первичный","1,800.00"
В01.025.002,"B01.025.002 Прием (осмотр, консультация) врача-нефролога повторный","1,400.00"
В01.031.001,"B01.031.001 Прием (осмотр, консультация) врача-педиатра первичный ","1,700.00"
В01.031.002.002,"B01.031.002 Прием (осмотр, консультация) врача-педиатра первичный, выезд на дом ","3,000.00"
В01.031.002.001,"B01.031.002 Прием (осмотр, консультация) врача-педиатра повторный ","1,400.00"
В01.047.001,"B01.047.001 Прием (осмотр, консультация) врача-терапевта первичный","1,700.00"
В01.047.001.001,"B01.047.001 Прием (осмотр, консультация) врача-терапевта первичный (выезд на дом)","3,000.00"
В01.047.002,"B01.047.002 Прием (осмотр, консультация) врача-терапевта повторный","1,400.00"
В01.058.001,"B01.058.001 Прием (осмотр, консультация) врача-эндокринолога первичный ","1,700.00"
В01.058.002,"B01.058.002 Прием (осмотр, консультация) врача-эндокринолога повторный ","1,400.00"
,УРОЛОГИЯ,
А11.28.007,A11.28.007 Катетеризация мочевого пузыря,"1,000.00"
А11.28.009,A11.28.009 Инстилляция уретры,950.00
А21.21.001.001,A21.21.001 Массаж простаты (1 процедура),"1,000.00"
В01.053.001.003,"B01.053.001 Прием (осмотр, консультация) врача-уролога Журенков первичный ","1,700.00"
В01.053.001.002,"B01.053.001 Прием (осмотр, консультация) врача-уролога Ким Елены Владимировны первичный ","2,500.00"
В01.053.001.001,"B01.053.001 Прием (осмотр, консультация) врача-уролога первичный ","1,700.00"
В01.053.002.003,"B01.053.002 Прием (осмотр, консультация) врача-уролога Журенков повторный ","1,400.00"
В01.053.002.002,"B01.053.002 Прием (осмотр, консультация) врача-уролога Ким Елены Владимировны повторный ","2,500.00"
В01.053.002.001,"B01.053.002 Прием (осмотр, консультация) врача-уролога повторный ","1,400.00"
В01.053.003,"B01.053.003 Прием (осмотр, консультация) врача - детского уролога-андролога первичный ","1,700.00"
В01.053.004,"B01.053.004 Прием (осмотр, консультация) врача - детского уролога-андролога повторный","1,400.00"
,ПРОЦЕДУРНЫЙ КАБИНЕТ,
,АНАЛИЗЫ,
,ИНВИТРО,
,ИНВИТРО АНАЛИЗЫ,
,Анализ крови,
PRS1,Пренатальный скрининг 1,"1,350.00"
,ПЕРВАЯ МЕДИЦИНСКАЯ ЛАБОРАТОРИЯ,
2.17,ПМЛ 17-ОН-прогестерон,400.00
1.110,"ПМЛ 25-ОН витамин D суммарный (25-ОН витамин D2 и 25-ОН витамин D3, общий результат)",100.00
6.8,ПМЛ D- димер,"1,000.00"
1.20,ПМЛ АЛТ,100.00
1.3.1,ПМЛ Альбумин (венозная кровь),100.00
1.22,ПМЛ Амилаза,100.00
9.2,ПМЛ Анализ мочи по Нечипоренко,200.00
1.49,ПМЛ Антистрептолизин-О (АСЛО),280.00
20.6,ПМЛ Аскаридоз IgG (п/кол),400.00
1.21,ПМЛ АСТ,100.00
20.79,"ПМЛ АТ и АГ к ВИЧ 1/2 (скрининг, кач)",180.00
26.2,ПМЛ АТ-ТПО,400.00
6.3,ПМЛ АЧТВ,160.00
1.36,ПМЛ Билирубин непрямой,200.00
1.34,ПМЛ Билирубин общий,100.00
1.35,ПМЛ Билирубин прямой,100.00
19.97,"ПМЛ Вирус гепатита C, генотип 1a, 1b, 2, 3a, 4, 5a, 6, РНК (HCV, ПЦР) плазма, кол.","2,800.00"
4.4,ПМЛ Витамин В12,500.00
6.13,ПМЛ Волчаночный антикоагулянт,550.00
1.28,ПМЛ Гамма-ГТ,100.00
20.20,"ПМЛ Гепатит В, HBs Ag (кач)",200.00
20.22,"ПМЛ Гепатит С, anti-HCV сумм. (кач)",200.00
1.18,ПМЛ Гликированный гемоглобин (HbA1c),420.00
1.16,ПМЛ Глюкозотолерантный тест (0-120),180.00
1.16.1,ПМЛ Глюкозотолерантный тест (0-60-120),270.00
1.53,ПМЛ Гомоцистеин,800.00
5.1,"ПМЛ Группа крови, резус фактор",300.00
2.21,ПМЛ ДГА-S,300.00
2.50,ПМЛ Дигидротестостерон,100.00
4.1,ПМЛ Железо сывороточное,120.00
2.53,ПМЛ Ингибин В,"1,420.00"
2.28,ПМЛ Инсулин,420.00
21.6,ПМЛ Иследование соскоба на энтеробиоз,200.00
1.39,"ПМЛ Калий (К+), натрий (Na+), хлориды",300.00
1.38,ПМЛ Кальций ионизированный (Са++),150.00
1.37,ПМЛ Кальций общий,100.00
2.25,ПМЛ Кальцитонин,800.00
3.9.1,ПМЛ Клинический анализ крови с лейкоцитарной формулой и СОЭ (с микроскопией мазка крови при выявлении патологических изменений),300.00
21.2,ПМЛ Копрограмма,300.00
20.152,"ПМЛ Коронавирус SARS-CoV-2, антитела IgG (п/кол.)","1,500.00"
20.153,"ПМЛ Коронавирус SARS-CoV-2, антитела IgM (п/кол.)","1,500.00"
19.151,ПМЛ Коронавирус РНК (SARS CoV 2  ПЦР) мазок кач.,"2,500.00"
2.20,ПМЛ Кортизол,360.00
4.9,ПМЛ Коэффициент насыщения трансферрина,320.00
1.4,ПМЛ Креатинин,100.00
1.29,ПМЛ Креатинкиназа,150.00
1.19,ПМЛ Лактат,740.00
2.12,ПМЛ ЛГ,300.00
1.27,ПМЛ ЛДГ (лактатдегидрогеназа),150.00
27.3,ПМЛ Липидный комплекс,600.00
1.43,ПМЛ Магний,150.00
1.45,ПМЛ Медь,340.00
6.10,ПМЛ МНО (+ПТВ и ПТИ),180.00
1.52,ПМЛ Мочевая кислота,100.00
1.5,ПМЛ Мочевина,100.00
8.19,ПМЛ НЕ4 (эпителиальный рак яичников),800.00
9.1,ПМЛ Общий анализ мочи,150.00
1.1,ПМЛ Общий белок,100.00
4.2,ПМЛ ОЖСС,200.00
20.3,ПМЛ Описторхоз IgG (п/кол),280.00
2.24,ПМЛ Паратгормон (ПТГ),480.00
2.16,ПМЛ Прогестерон,300.00
2.14,ПМЛ Пролактин,300.00
6.5,"ПМЛ Протромбиновое время, Протромбиновый индекс",160.00
8.2,ПМЛ ПСА общий,350.00
1.51,ПМЛ Ревматоидный фактор,300.00
6.9,ПМЛ РФМК,200.00
8.5,"ПМЛ РЭА (толстая кишка, прямая кишка)",500.00
420,ПМЛ С-пептид,420.00
1.50,ПМЛ С-реактивный белок,300.00
8.6,ПМЛ СА 15-3 (молочные железы),500.00
8.8,"ПМЛ СА 19-9 (поджелудочная железа, прямая и сигмовидная кишка)",500.00
8.22,"ПМЛ СА 242 (поджелудочная железа, толстый кишечник, прямая кишка)",960.00
8.9,ПМЛ СА 72-4 (желудок),780.00
8.7,ПМЛ СА-125 (яичники),500.00
1.85.2,ПМЛ Селен (кровь),900.00
20.24,ПМЛ Сифилис RPR (п/кол),150.00
20.80,ПМЛ Сифилис сумм. АТ (IgG и IgM) (кач),220.00
21.3,ПМЛ Скрытая кровь,160.00
2.1,ПМЛ Т3 общий,300.00
2.2,ПМЛ Т3 свободный,300.00
2.3,ПМЛ Т4 общий,300.00
2.4,ПМЛ Т4 свободный,300.00
2.9,ПМЛ Тестостерон,300.00
2.10,ПМЛ Тестостерон свободный,320.00
2.6,ПМЛ Тиреоглобулин,400.00
20.2,ПМЛ Токсокароз IgG (п/кол),280.00
4.6,ПМЛ Трансферрин,360.00
1.102,ПМЛ Триглицериды,100.00
20.4,ПМЛ Трихинеллез IgG (п/кол),300.00
6.4,ПМЛ Тромбиновое время,200.00
2.5,ПМЛ ТТГ (тиреотропный Гормон),300.00
4.5,ПМЛ Ферритин,360.00
6.6,ПМЛ Фибриноген,180.00
4.3,ПМЛ Фолаты (фолиевая кислота),500.00
1.33,ПМЛ Фосфотаза щелочная,100.00
2.13,ПМЛ ФСГ,300.00
2.36,ПМЛ ХГЧ,300.00
2.37,ПМЛ ХГЧ свободный,440.00
20.14,ПМЛ Хеликобактер пилори IgG (кол),320.00
20.86,ПМЛ Хеликобактер пилори IgА (кол),600.00
20.87,ПМЛ Хеликобактер пилори IgМ (кол),600.00
1.8,ПМЛ Холестерин общий,100.00
1.10,ПМЛ Холестерин-ЛПВП,150.00
1.9,ПМЛ Холестерин-ЛПНП,150.00
1.47,ПМЛ Цинк,150.00
Чек-АП,"ПМЛ ЧЕК-АП ""НЕФЕРТИТИ""","4,500.00"
20.5,ПМЛ Эхинококкоз IgG (п/кол),280.00
21.5,ПМЛ Яйца гельминтов,140.00
,ЮНИЛАБ,
00-000000000011-1208,5 Candida albicans (Кандидоз),320.00
00-000000000011-1239,"5 HPV квант-15: выявление и количественное определение ДНК ВПЧ низкого (HPV 6,11 без типирования) и высокого (HPV 16, 31, 33, 35, 52, 58 (без типирова","1,100.00"
00-000000000011-1238,"5 HPV квант-21: выявление, типирование и количественное определение ДНК ВПЧ низкого (HPV 6,11,44) и высокого (HPV 16,18,26,31,33,35,39,45,51,52,53,56,","2,100.00"
00-000000000011-1204,5 Mycoplasma genitalium,320.00
00-000000000011-1205,5 Mycoplasma hominis,320.00
00-000000000011-1209,5 Neisseria gonorrhoeae,320.00
00-000000000011-1214,"5 Papilloma virus (высокогориска)16,18,31,33,35,39,45,51,52,56,58,59","1,000.00"
00-000000000011-1213,5 Papilloma virus 16/18,320.00
00-000000000011-1222,5 Papilloma virus 16/18 количественное определение¶16/18 ¶,450.00
00-000000000011-1215,5 Papilloma virus 6/11,320.00
00-000000000011-1210,5 Treponema pallidum,320.00
00-000000000011-1206,5 Trichomonas vaginalis,320.00
00-000000000011-1234,"5 Флороценоз – Кандиды (Candida albicans, Candida glabrata, Candida сrusei, Candida tropicalis, Candida parapsilosis) - количественно","1,100.00"
00-000000000011-1207,5Gardnerella vaginalis,320.00
00-000000000011-1223,"5Мультиплексное(Chlamydia trachomatis, Ureaplasma species, Mycoplasma genitalium, Mycoplasma hominis)","1,100.00"
00-000000000011-1224,"5Мультиплексное(Chlamydia trachomatis, Ureaplasma species, Mycoplasma genitalium)",850.00
00-000000000011-1216,"8 Кандидоз, скрининг и типирование (определение общей ДНК грибов (Fungi), ДНК  Candidaalbicans.Типированиегрибоврода кандида : Candida krusei, Candida","1,100.00"
00-000000000011-1201,Chlamydia trachomatis,320.00
00-000000000011-1203,Ureaplasmaparvo/ureaplasma urealyticum (T960),320.00
00-000000000011-1202,Ureaplasmaspecies (ureaplasmaurealyticum),320.00
00-000000000011-1240,Андрофлор,"2,200.00"
00-000000000011-1241,Андрофлор СКРИН,"1,500.00"
00-000000000011-4919,"Бактериологическое исследование материала  на флору и чувствительность к антибиотикам и антимикотикам (отделяемое цервикального канала, ушей, глаз, зе","1,200.00"
00-000000000011-1230,"Биоценоз урогенитального тракта  Фемофлор Скрин (Общ. Бак. Масса, Lact. spp.,Gardnerellavag/ Prevotellabivia /Porphyromonas spp, Ureaplasma (ur. + par","1,500.00"
00-000000000011-1229,"Биоценоз урогенитального тракта Фемофлор – 16¶(общ.бак. масса, Lac. spp., Enterobac. spp., Strept. spp., Staph. spy., Gradn. vag.\Prevotellabivia\ Por","1,750.00"
,"АНЕСТЕЗИЯ, МАТЕРИАЛЫ",
В01.003.004.001.002,"B01.003.004.001 Услуга по обезболиванию Местная анестезия (Акриол) 2,5 г",350.00
В01.003.004.001.004,B01.003.004.001 Услуга по обезболиванию Местная анестезия (Акриол) 5 г,600.00
В01.003.004.001.001,"B01.003.004.001 Услуга по обезболиванию Местная анестезия (Эмла) 2,5 г",350.00
В01.003.004.001.003,B01.003.004.001 Услуга по обезболиванию Местная анестезия (Эмла) 5 г,600.00
,СЕСТРИНСКИЕ МАНИПУЛЯЦИИ,
A09.05.023,A09.05.023 Исследование уровня глюкозы в крови экспресс методом,250.00
А11.01.002.007,A11.01.002 Биопсия молочных желез черезкожная,850.00
А11.01.002.006,A11.01.002 Подкожное введение лекарственных препаратов,150.00
А11.01.10,A11.01.10 Инъекционное введение в очаг поражения кожи (Plasmoactive 1 пробирка),"5,000.00"
A11.02.002.,A11.02.002 Внутримышечное введение препарата «Овитрель» (со стоимостью препарата),"4,500.00"
A11.02.002,A11.02.002 Внутримышечное введение препарата «Омнадрен» (со стоимостью препарата),"1,700.00"
А11.12.003,A11.12.003.001 Внутривенное введение лекарственных препаратов ,600.00
А11.12.003.001,A11.12.003.001 Внутривенное капельное введение лекарственных препаратов ,250.00
А11.12.003.001.001,"A11.12.003.001 Непрерывное внутривенное введение лекарственных препаратов (без стоимости препарата), до 1 лекарственного препарата",600.00
А11.12.003.001.002,"A11.12.003.001 Непрерывное внутривенное введение лекарственных препаратов (без стоимости препарата), от 2 лекарственных препарата",950.00
А11.12.009,A11.12.009 Взятие крови из периферической вены,150.00
А11.01.013.001,А11.01.013 Введение искусственных наполнителей в мягкие ткани с целью коррекции формы (Plasmoactive Gel 1 пробирка),"4,500.00"
А11.01.013.002,А11.01.013 Введение искусственных наполнителей в мягкие ткани с целью коррекции формы (Plasmoactive Gel 2 пробирки),"8,000.00"
А11.01.013.003,А11.01.013 Введение искусственных наполнителей в мягкие ткани с целью коррекции формы (Plasmoactive Gel 3 пробирки),"10,000.00"
А11.02.002.0014,А11.02.002 Внутримышечное введение лекарственных препаратов,150.00
А16.30.069,А16.30.069 Снятие швов,600.00
,СЛУЖЕБНЫЕ,
,ДОМАШНИЙ УХОД,
В05.001.003.001,В05.001.003 Услуги по медицинской реабилитации после осложнения беременности родов посредового периода (интимное отбеливание) гель Милайн 0.2,"7,000.00"
В05.001.003.002,В05.001.003 Услуги по медицинской реабилитации после осложнения беременности родов посредового периода (интимное отбеливание) сыворотка Милайн 0.3,"4,000.00"
19.0,КАНЮЛЯ,1.00
00-000000000009,ОФОРМЛЕНИЕ БОЛЬНИЧНОГО ЛИСТА.,500.00
,УСЛУГИ КОСМЕТОЛОГИЧЕСКИЕ,
,ИНЪЕКЦИОННАЯ КОСМЕТОЛОГИЯ,
А11.01.003.004,"A11.01.003 Введение искусственных имплантатов в мягкие ткани (PROFHILO, 2мл)","19,850.00"
А11.01.012.001,"A11.01.012 Введение искусственных имплантатов в мягкие ткани («Вискодерм 0,8%» 1мл)","6,500.00"
А11.01.012.003,"A11.01.012 Введение искусственных имплантатов в мягкие ткани («Вискодерм 1,6%» 1,5мл)","9,500.00"
А11.01.012.002,"A11.01.012 Введение искусственных имплантатов в мягкие ткани («Вискодерм 1,6%» 1мл)","8,200.00"
А11.01.012.004,"A11.01.012 Введение искусственных имплантатов в мягкие ткани («Вискодерм 2,0%» 1мл)","9,000.00"
А11.01.012.007,A11.01.012 Введение искусственных имплантатов в мягкие ткани («РЕВИ Бриллиант» 1 мл),"14,500.00"
А11.01.012.008,A11.01.012 Введение искусственных имплантатов в мягкие ткани («РЕВИ Бриллиант» 2 мл),"21,000.00"
А11.01.012.009,A11.01.012 Введение искусственных имплантатов в мягкие ткани («Рестилайн витал» 1 мл),"12,500.00"
А11.01.012.006,A11.01.012 Введение искусственных имплантатов в мягкие ткани («Ювидерм волайт» 1 мл),"16,400.00"
А11.01.012.005,A11.01.012 Введение искусственных имплантатов в мягкие ткани («Ювидерм гидрейт» 1 мл),"10,500.00"
А11.02.002.0015,A11.02.002 Внутримышечное введение лекарственных препаратов («Ботокс» 1 ЕД),400.00
А11.02.002.0021,A11.02.002 Внутримышечное введение лекарственных препаратов («Диспорт» 1ЕД),150.00
А11.02.002.0020,"A11.02.002 Внутримышечное введение лекарственных препаратов («Диспорт» 1ЕД) медицинским представителем, обучающим тренером компании «Ипсен» Черных Е.Г",165.00
А11.02.002.0017,A11.02.002 Внутримышечное введение лекарственных препаратов («Ксеомин» 1 ЕД),350.00
А11.02.002.0019,A11.02.002 Внутримышечное введение лекарственных препаратов («Ксеомин» 100 ЕД),"23,000.00"
А11.02.002.0018,A11.02.002 Внутримышечное введение лекарственных препаратов («Ксеомин» 50 ЕД),"13,500.00"
А11.02.002.0016,A11.02.002 Внутримышечное введение лекарственных препаратов («Релатокс» 1ЕД),350.00
,FILORGA,
А11.01.003.6,"А11.01.003 Внутрикожное введение лекарственных препаратов (NSTF с 0,25 % гиалуроновой кислотой)","2,200.00"
А11.01.003.7,А11.01.003 Внутрикожное введение лекарственных препаратов (NSTF с 10 % гиалуроновой кислотой),"2,850.00"
А11.01.003.8,А11.01.003 Внутрикожное введение лекарственных препаратов (NSTF с 5 % гиалуроновой кислотой),"2,650.00"
,VISCODERM,
А11.01.003.26,"А11.01.003 Внутрикожное введение лекарственных препаратов (Viscoderm 0,8% 1мл)","6,500.00"
А11.01.003.27,"А11.01.003 Внутрикожное введение лекарственных препаратов (Viscoderm 1,6% 1,5мл)","9,500.00"
А11.01.003.28,"А11.01.003 Внутрикожное введение лекарственных препаратов (Viscoderm 1,6% 1мл)","8,200.00"
А11.01.003.29,"А11.01.003 Внутрикожное введение лекарственных препаратов (Viscoderm 2,0% 1мл)","9,000.00"
А11.01.003.30,"А11.01.003 Внутрикожное введение лекарственных препаратов (ViscodermSkinko-Е, 32 мг ГК 1мл)","2,800.00"
А11.01.003.31,"А11.01.003 Внутрикожное введение лекарственных препаратов (ViscodermSkinko-Е, 32 мг ГК 5 мл)","8,000.00"
А11.01.003.32,"А11.01.003 Внутрикожное введение лекарственных препаратов (ViscodermSkinko, 2 мг ГК 1 мл)","2,000.00"
А11.01.003.33,"А11.01.003 Внутрикожное введение лекарственных препаратов (ViscodermSkinko, 2 мг ГК 5 мл)","6,500.00"
,КОНТУРНАЯ ПЛАСТИКА-КОРРЕКЦИЯ ИНВОЛЮЦИОННЫХ И АТРОФИЧЕСКИХ ИЗМЕНЕНИЙ КОЖИ С ИСПОЛЬЗОВАНИЕМ ВНУТРИДЕРМАЛЬНЫХ ИМПЛАНТОВ,
А16.07.022.0045,A16.07.022 Контурная пластика лица (Art filler LINES c лидокаином),"14,800.00"
А16.07.022.0046,A16.07.022 Контурная пластика лица (Art filler LIPS c лидокаином),"16,350.00"
А16.07.022.0047,A16.07.022 Контурная пластика лица (Art filler UNIVERSAL c лидокаином),"16,400.00"
А16.07.022.0048,A16.07.022 Контурная пластика лица (Art filler VOLUME c лидокаином),"18,800.00"
А16.07.022.0024,"A16.07.022 Контурная пластика лица (Belotero BALANCE), 1 мл","14,000.00"
А16.07.022.0025,"A16.07.022 Контурная пластика лица (Belotero INTENSE), 1мл","14,500.00"
А16.07.022.0023,"A16.07.022 Контурная пластика лица (Belotero SOFT Lido), 1мл","13,500.00"
А16.07.022.0022,"A16.07.022 Контурная пластика лица (Belotero SOFT), 1мл","13,500.00"
А16.07.022.0026,"A16.07.022 Контурная пластика лица (Belotero VOLUME), 1мл","16,400.00"
А16.07.022.0027,"A16.07.022 Контурная пластика лица (ETERMIS 3), 1мл","14,800.00"
А16.07.022.0028,"A16.07.022 Контурная пластика лица (ETERMIS 4), 1мл","16,000.00"
А16.07.022.0016,"A16.07.022 Контурная пластика лица (FILORGA M-HA-18), 1 мл","7,500.00"
А16.07.022.0018,"A16.07.022 Контурная пластика лица (FILORGA Volume), 1 мл","13,000.00"
А16.07.022.0017,"A16.07.022 Контурная пластика лица (FILORGA Х-НА-3), 1 мл","7,000.00"
А16.07.022.0021,"A16.07.022 Контурная пластика лица (Radiesse), 0,8 мл","12,000.00"
А16.07.022.0020,"A16.07.022 Контурная пластика лица (Radiesse), 1,5 мл","20,500.00"
А16.07.022.0019,"A16.07.022 Контурная пластика лица (Radiesse), 3 мл","31,500.00"
А16.07.022.0034,"A16.07.022 Контурная пластика лица (Teosyal Deep Lines), 1 мл","16,000.00"
А16.07.022.0036,"A16.07.022 Контурная пластика лица (Teosyal Global Action), 1 мл","14,500.00"
А16.07.022.0043,"A16.07.022 Контурная пластика лица (Teosyal Kiss), 1 мл","14,500.00"
А16.07.022.0035,"A16.07.022 Контурная пластика лица (Teosyal PureSense Deep Lines), 1 мл","16,000.00"
А16.07.022.0037,"A16.07.022 Контурная пластика лица (Teosyal PureSense Global Action) , 1 мл","14,500.00"
А16.07.022.0044,"A16.07.022 Контурная пластика лица (Teosyal PureSense Redensity (II) , 1 мл","16,000.00"
А16.07.022.0042,"A16.07.022 Контурная пластика лица (Teosyal PureSense Ultimate), 3 мл","34,000.00"
А16.07.022.0039,"A16.07.022 Контурная пластика лица (Teosyal PureSense Ultra Deep), 1,2 мл","18,000.00"
А16.07.022.0029,"A16.07.022 Контурная пластика лица (Teosyal RHA 1), 1 мл","16,000.00"
А16.07.022.0030,"A16.07.022 Контурная пластика лица (Teosyal RHA 2), 1 мл","16,500.00"
А16.07.022.0031,"A16.07.022 Контурная пластика лица (Teosyal RHA 3), 1 мл","17,000.00"
А16.07.022.0032,"A16.07.022 Контурная пластика лица (Teosyal RHA 4), 1 мл","18,000.00"
А16.07.022.0033,"A16.07.022 Контурная пластика лица (Teosyal Touch Up), 0,5 мл","10,000.00"
А16.07.022.0040,"A16.07.022 Контурная пластика лица (Teosyal Ultimate), 1 мл","16,000.00"
А16.07.022.0041,"A16.07.022 Контурная пластика лица (Teosyal Ultimate), 3 мл","34,000.00"
А16.07.022.0038,"A16.07.022 Контурная пластика лица (Teosyal Ultra Deep), 1,2 мл","18,000.00"
А16.07.022.0014,"A16.07.022 Контурная пластика лица (Амалайн Hard), 1 мл","11,000.00"
А16.07.022.0015,"A16.07.022 Контурная пластика лица (Амалайн Hard), 2 мл","15,000.00"
А16.07.022.0012,"A16.07.022 Контурная пластика лица (Амалайн медиум), 1 мл","10,500.00"
А16.07.022.0013,"A16.07.022 Контурная пластика лица (Амалайн медиум), 2 мл","14,000.00"
А16.07.022.0011,"A16.07.022 Контурная пластика лица (Амалайн софт), 1 мл","10,000.00"
А16.07.022.009,"A16.07.022 Контурная пластика лица (Суржидерм 24 ХР), 0.8 мл","13,700.00"
А16.07.022.0010,"A16.07.022 Контурная пластика лица (Суржидерм 30ХР), 1 мл","15,000.00"
А16.07.022.006,"A16.07.022 Контурная пластика лица (Ювидерм волбелла), 1 мл","15,000.00"
А16.07.022.007,"A16.07.022 Контурная пластика лица (Ювидерм волифт), 1 мл","16,400.00"
А16.07.022.008,"A16.07.022 Контурная пластика лица (Ювидерм воллифт retouch), 0,5 мл","10,500.00"
А16.07.022.005,"A16.07.022 Контурная пластика лица (Ювидерм волюма), 1мл","16,400.00"
А16.07.022.004,"A16.07.022 Контурная пластика лица (Ювидерм смайл), 0.55 мл","11,500.00"
А16.07.022.001,A16.07.022 Контурная пластика лица (Ювидерм ультра 2) 0.55 мл,"9,500.00"
А16.07.022.002,"A16.07.022 Контурная пластика лица (Ювидерм ультра 3), 1 мл","14,500.00"
А16.07.022.003,"A16.07.022 Контурная пластика лица (Ювидерм ультра 4), 1 мл","15,000.00"
,,
